http://1ratio.nl,SZW
http://2015.woononderzoek.nl,BZK
http://2todrive.nl,IenW
http://a16rotterdam.nl,IenW
http://a1oost.nl,IenW
http://a27a12ringutrecht.nl,IenW
http://a27houtenhooipolder.nl,IenW
http://a28a1knooppunthoevelaken.nl,IenW
http://a4burgerveen-n14.nl,IenW
http://a4haaglanden-n14.nl,IenW
http://a58tilburgbreda.nl,IenW
http://a6zonlelystaddronten.nl,IenW
http://aanbiedersmedicijnen.nl,VWS
http://aandachtvoorelkaar.nl,JenV
http://aandeslagmetdeomgevingswet.nl,IenW
http://aaninhetdonker.nl,IenW
http://aanmelder.nl/evenementenbureauvws,VWS
http://aanpaklerarentekort.nl,OCW
http://aanpakstikstof.nl,LNV
http://aanvraag-beheer.ciz.nl,VWS
http://aanvraagwietteelt.nl,VWS
http://aanvragen.nza.nl,VWS
http://aardgasvrijewijken.nl,BZK
http://abdleerportaal.nl,BZK
http://abonneren.rsj.nl,JenV
http://academie.belastingdienst.nl,FIN
http://academie.hetcak.nl,VWS
http://academieinternationalebetrekkingen.nl,BUZA
http://academievoorhetonderwijstoezicht.nl,OCW
http://academy.cbs.nl,EZK
http://academy.forensischinstituut.nl,JenV
http://academyinternationalrelations.nl,BUZA
http://acmacademie.nl,EZK
http://acm.nl,EZK
http://actal.nl,EZK
http://actiemonitoringce.nl,VWS
http://actuelewaterdata.nl,IenW
http://acvz.org,JenV
http://adr.trainingscatalogus.nl/nl/ClassLogin,FIN
http://adviescollegeicttoetsing.nl,BZK
http://adviescollegeveiligheidgroningen.nl,EZK
http://adviescommissiedbe.nl,EZK
http://adviescommissievolkenrecht.nl,BUZA
http://adviescommissievoorvreemdelingenzaken.nl,JenV
http://adviescommissieweigerendeobservandi.nl,JenV
http://adviesraadinternationalevraagstukken.nl,BUZA
http://adviezen.raadrvs.nl,VWS
http://advisorycommitteeinternationallaw.nl,BUZA
http://advisorycouncilinternationalaffairs.nl,BUZA
http://aerius.nl,VWS
http://afm.nl,FIN
http://afsprakenstelsel.etoegang.nl,BZK
http://afvalcirculair.nl,IenW
http://afvalmonitor.databank.nl,IenW
http://agendaijsselmeergebied2050.nl,IenW
http://agendalaadinfrastructuur.nl,EZK
http://agendastad.nl,BZK
http://agendavoorhetwaddengebied2050.nl,IenW
http://agentschaptelecom.nl,EZK
http://agrimatie.nl,LNV
http://agroberichtenbuitenland.nl,LNV
http://agrologistiek.nl,LNV
http://ahn.nl,IenW
http://aimonline.nl,IenW
http://aivd.nl,BZK
http://akkoordverbeteringproductsamenstelling.nl,VWS
http://alertonline.nl,JenV
http://algemenebestuursdienst.nl,BZK
http://alleenjijbepaalt.nl,JenV
http://allesoversport.nl,VWS
http://alliantiemedicatieveiligheid.nl,VWS
http://almanak.overheid.nl,BZK
http://ambassadeursconferentie.nl,BUZA
http://amberalert.nl,JenV
http://amice.lma.nl,IenW
http://amlc.eu,FIN
http://amlc.nl,FIN
http://annualreport.dopingautoriteit.nl,VWS
http://anprnet.nl,JenV
http://antennebureau.nl,EZK
http://apothekerskast.riec.nl,JenV
http://app.pianoo-congres.nl,EZK
http://aqualarm.rws.nl,IenW
http://aquo.nl,IenW
http://arboportaal.nl,SZW
http://archiefweb.eu,AZ
http://archis.cultureelerfgoed.nl,OCW
http://architectenregister.nl,OCW
http://arorijk.nl,BZK
http://asbestovertredingen.inspectieszw.nl,SZW
http://asbestvolgsysteem.nl,IenW
http://atgb.nl,BZK
http://atlasinfectieziekten.nl,VWS
http://atlasleefomgeving.nl,VWS
http://atlasnatuurlijkkapitaal.nl,VWS
http://atr-regeldruk.nl,EZK
http://authenticatie.inspectieview.nl,IenW
http://autoriteitnvs.nl,IenW
http://autoriteitpersoonsgegevens.nl,JenV
http://avghelpdeskzorg.nl,VWS
http://avgregisterrijksoverheid.nl,EZK
http://awti.nl,OCW
http://bag.basisregistraties.overheid.nl,BZK
http://bankdataretrievalportal.nl,JenV
http://basisinformatie-overstromingen.nl,IenW
http://basismonitoring.nl,IenW
http://basismonitoringwadden.nl,IenW
http://basismonitoringwadden.waddenzee.nl,IenW
http://basisregistratieondergrond.nl,BZK
http://bdmuseum.nl,FIN
http://bedrijfscommissieoverheid.nl,BZK
http://bedrijvenbeleidinbeeld.nl,EZK
http://beeldbank.cultureelerfgoed.nl,OCW
http://beeldbank.rws.nl,IenW
http://beeldkompas.nl,AZ
http://beheerautoriteitwadden.nl,IenW
http://beheerautoriteitwaddenzee.nl,EZK
http://beheerdetoekomst.nl,IenW
http://bekijkjepensioenregeling.nl,FIN
http://belandadananda.nl,BUZA
http://belastingdienst-cn.nl,FIN
http://belastingdienst.nl,FIN
http://belastingdienst-ondernemerscheck.nl,FIN
http://beleefdenationaleparken.nl,LNV
http://bentwoud.staatsbosbeheer.nl,LNV
http://beschutaandebak.nl,SZW
http://beslisboom.forumstandaardisatie.nl,BZK
http://bestandenpostbus.nl,JenV
http://bestrijdingsmiddelen-omwonenden.nl,VWS
http://beterbenutten.nl,IenW
http://bezoekerscentrum.rijkswaterstaat.nl,IenW
http://bezoekhetrijk.nl,BZK
http://bezorgdedienders.nl,JenV
http://bics.nl,IenW
http://biedboek.nl,BZK
http://bigregister.nl,VWS
http://bij12.nl,LNV
http://bijzonderebijstandbuitenland.nl,BUZA
http://binnl.nl,EZK
http://biociden.nl,VWS
http://biodiversiteit.nl,LNV
http://biodiversity-chm.nl,LNV
http://bio-enerco.com,LNV
http://bio-overheid.nl,SZW
http://biotechnologie.rivm.nl,VWS
http://bkd.eu,EZK
http://bkwi.nl,SZW
http://blankenburgverbinding.nl,IenW
http://blockchainpilots.nl,BZK
http://bmw9520.waddenzee.nl,IenW
http://bodemambities.nl,VWS
http://bodemloket.nl,IenW
http://bodemplus.nl,IenW
http://bodemrichtlijn.nl,IenW
http://bodemvizier.nl,IenW
http://boetebase.om.nl,JenV
http://bom.pleio.nl,BZK
http://bonairegov.com,BZK
http://boswachtersblog.nl,LNV
http://bouwcollege.nl,VWS
http://bouwplaatsirm.nl,IenW
http://braic.nl,DEF
http://brandweer.nl,JenV
http://brexitloket.nl,EZK
http://brk.basisregistraties.overheid.nl,BZK
http://bronhouderportaal-bro.nl,BZK
http://brt.basisregistraties.overheid.nl,BZK
http://brzoplus.nl,IenW
http://bsv.nu,IenW
http://building-with-nature.eu,IenW
http://buitenlevenvakanties.nl,LNV
http://bun-k.nl,IenW
http://bureaubiosecurity.nl,VWS
http://bureauft.nl,JenV
http://bureautoetsinginvesteringen.nl,EZK
http://burgernet.nl,JenV
http://business.gov.nl,EZK
http://bzconferencing.nl,BUZA
http://bzksocialmedia.nl,BZK
http://c2000.nl,JenV
http://campagnetoolkits.nl,AZ
http://cannabisbureau.nl,VWS
http://caop.nl,CAOP
http://cao-politie.nl,JenV
http://caorijk.nl,BZK
http://cas2021.com,BUZA
http://cas2021.nl,BUZA
http://catalogus.cultureelerfgoed.nl,OCW
http://cbgdagvandeiv.nl,VWS
http://cbgjaarverslag.nl,VWS
http://cbg-meb.nl,VWS
http://cbhc.hetcak.nl,VWS
http://cbho.nl,OCW
http://cbi.eu,EZK
http://cbpbes.com,BZK
http://cbr.nl,IenW
http://cbsinuwbuurt.nl,EZK
http://cbs.nl,EZK
http://ccmo.nl,VWS
http://ceg.nl,VWS
http://centraalaanspreekpuntpensioenen.belastingdienst.nl,FIN
http://centralecommissiedierproeven.nl,EZK
http://centraleeindtoetspo.nl,OCW
http://centruminternationaalrecht.nl,BUZA
http://centrumvoorstandaarden.nl,BZK
http://cert.nl,JenV
http://cert.pkioverheid.nl,BZK
http://charmprogramma.nl,IenW
http://charmprogramme.com,IenW
http://checkjebrexit.nl,BUZA
http://checklistasbest.nl,SZW
http://checklistuitzendbureaus.nl,SZW
http://checklistvib.nl,SZW
http://chemischestoffengoedgeregeld.nl,VWS
http://cibgacademie.nl,VWS
http://cibg.nl,VWS
http://cip-overheid.nl,SZW
http://circularfestivals.nl,IenW
http://cito.nl,OCW
http://citychlor-news.eu,EZK
http://ciz.databank.nl,VWS
http://ciz.nl,VWS
http://cjib.nl,JenV
http://ckmbo.nl,OCW
http://climatescenarios.nl,IenW
http://clinicaltrialregister.nl,LNV
http://clo.nl,IenW
http://coa.nl,JenV
http://codexalimentarius.nl,LNV
http://cogemjaarverslag.net,VWS
http://cokz.nl,LNV
http://coldcasekalender.nl,JenV
http://collectiefrima.nl,JenV
http://collectienederland.nl,OCW
http://collegesanering.nl,VWS
http://collegevanrijksadviseurs.nl,BZK
http://collegiaal.zorginstituutnederland.nl,VWS
http://commissiebbv.nl,BZK
http://commissiemijnbouwschade.nl,EZK
http://commissievanaanbestedingsexperts.nl,EZK
http://communicatierijk.nl,AZ
http://conferentie-ce.nl,IenW
http://congres.destaatvanhetonderwijs.nl,OCW
http://consular.mfaservices.nl,BUZA
http://consuwijzer.nl,EZK
http://contactpuntbouwproducten.nl,BZK
http://contenttoolsrijksoverheid.nl,AZ
http://controle-informatieplicht.infomil.nl,IenW
http://coordinatiestroomlijn.nl,IenW
http://corbey.nl,EZK
http://coronadashboard.government.nl,VWS
http://coronadashboard.rijksoverheid.nl,VWS
http://coronamelder.nl,VWS
http://coronamelder-portal.nl,VWS
http://coronatest.nl,VWS
http://corpolitie.nl,JenV
http://corridoramsterdamhoorn.nl,IenW
http://cosmeticaklachten.nl,VWS
http://courtmh17.com,JenV
http://covm.nl,DEF
http://cparegister.nl,JenV
http://cpb.nl,EZK
http://cps.pkioverheid.nl,BZK
http://criminaliteitinbeeld.nl,EZK
http://crisisacceptatie.nl,JenV
http://crisis.nl,JenV
http://crisistest.nl,JenV
http://crl.pkioverheid.nl,BZK
http://csirtdsp.nl,EZK
http://ctgb.nl,LNV
http://ctivd.nl,AZ
http://cultureelerfgoed.nl,OCW
http://cultuurparticipatie.nl,OCW
http://cultuursubsidie.nl,OCW
http://customsnl-insight.nl,FIN
http://cvdm.nl,OCW
http://cvdr.overheid.nl,BZK
http://cvta.nl,JenV
http://cvte.nl,OCW
http://cvte-raadpleging.nl,OCW
http://cybersecurityalliantie.nl,JenV
http://cybersecurityraad.nl,JenV
http://daarwordtiedereenbetervan.nl,VWS
http://databronnencovid19.nl,VWS
http://datagedreventoezicht.pleio.nl,IenW
http://data.overheid.nl,BZK
http://datavoorgezondheid.nl,VWS
http://datawonen.nl,BZK
http://dbcregels.nza.nl,VWS
http://dcc-ienw.nl,IenW
http://dcn-images.nl,OCW
http://dcp-time-slot.cbg-meb.nl,VWS
http://dcypher.nl,OCW
http://deafsluitdijk.nl,IenW
http://deassociatedegree.nl,OCW
http://debaanvanhetleven.nl,OCW
http://debatgemist.tweedekamer.nl,TK
http://deconcurrenten.nl,EZK
http://decor.nictiz.nl,VWS
http://defensie.nl,DEF
http://dejuistezorgopdejuisteplek.nl,VWS
http://dekinderombudsman.nl,NO
http://delerarenagenda.nl,OCW
http://deltacoalition.net,IenW
http://deltaflexjenvmobiliteitscentrum.nl,JenV
http://deltaprogramma2019.deltacommissaris.nl,IenW
http://deltaprogramma2020.deltacommissaris.nl,IenW
http://deltaprogramma.nl,IenW
http://deltaviewer.nl,IenW
http://demijnraad.nl,EZK
http://denationaleomgevingsvisie.nl,BZK
http://denkdoeduurzaam.nl,BZK
http://denkmee.cvte.nl,OCW
http://derdekamer.nl,TK
http://derijkscampus.nl,BZK
http://designsprint.gebruikercentraal.nl,BZK
http://designthinking.gebruikercentraal.nl,BZK
http://deskundigengroepdierziekten.nl,LNV
http://destaatvandeeconomie.nl,EZK
http://detweedekameraanhetwerk.nl,TK
http://deutsch.postedworkers.nl,SZW
http://developer.overheid.nl,BZK
http://dewaardevanouderworden.nl,VWS
http://dggf.nl,EZK
http://dictumagazines.nl,EZK
http://dienstkleding.ipkd.nl,BZK
http://dienstterugkeerenvertrek.nl,JenV
http://diergeneeskunderegister.nl,VWS
http://diergeneesmiddeleninformatiebank.nl,VWS
http://digicampus.tech,BZK
http://digid.nl,BZK
http://digiinkoop.nl,BZK
http://digilef.nl,IenW
http://digimelding.nl,BZK
http://diginbft.nl,FIN
http://digitaalloket.raadvanstate.nl,RvS
http://digitaal.scp.nl,VWS
http://digitaleoverheid.nl,BZK
http://digitaltrustcenter.nl,EZK
http://digitaltrustcommunity.nl,EZK
http://digitoegankelijk.nl,BZK
http://diplomaregister.nl,OCW
http://dischargetest.com,IenW
http://discs.nl,JenV
http://disportal.nl,VWS
http://dji.nl,JenV
http://dnadatabank.forensischinstituut.nl,JenV
http://dnb.nl,FIN
http://doc-direkt.nl,BZK
http://docs.centrumvoorstandaarden.nl,BZK
http://doemeemetmdt.nl,VWS
http://domeinenrz.nl,FIN
http://donorgegevens.nl,VWS
http://donorregister.nl,VWS
http://doorstroomatlas-vmbo.nl,OCW
http://doortrappen.nl,IenW
http://dopefree.nl,VWS
http://dopingautoriteit.com,VWS
http://dopingautoriteit.nl,VWS
http://dopinginfo.nl,VWS
http://doping.nl,VWS
http://dopingwaaier.nl,VWS
http://douane-inzicht.nl,FIN
http://dp2021.deltaprogramma.nl,IenW
http://draaiboekhielprikscreening.rivm.nl,VWS
http://draaiboekpsie.nl,VWS
http://dranquilo.nl,VWS
http://drop.overheid.nl,BZK
http://drugssmokkel.nl,BUZA
http://drupaloverheid.nl,EZK
http://dsta.nl,FIN
http://dto.nl,DEF
http://duo-jaarberichten.nl,OCW
http://duo.nl,OCW
http://duo-onderwijsonderzoek.nl,OCW
http://dus-i.nl,VWS
http://dustex.nl,VWS
http://dutchcultureusa.com,BUZA
http://dutchdigitaldelta.nl,EZK
http://dutchdubai.com,BUZA
http://dutchhousingpolicy.nl,BZK
http://dutch-id-documents.nl,JenV
http://dutchoffshorewindatlas.nl,IenW
http://dutchperformingarts.com,BUZA
http://dutchrapporteur.nl,JenV
http://dutchsocialmediaguide.nl,BUZA
http://duty-to-return.nl,JenV
http://duurzaamdoor.nl,EZK
http://duurzaamgww.nl,EZK
http://duurzaamheidsroutea35.nl,IenW
http://dv2030.nl,VWS
http://dwangindezorg.nl,VWS
http://dynamo-hia.eu,VWS
http://earonline.nl,BZK
http://eceonline.nl,EZK
http://ecer.minbuza.nl,BUZA
http://e-cert.nl,LNV
http://eentegeneenzaamheid.nl,VWS
http://eenzaam.nl,VWS
http://eerlijkoverjeid.nl,BZK
http://eerstekamer.nl,EK
http://efeat.org,VWS
http://eherkenning.nl,BZK
http://eigenkracht.nl,VWS
http://elearning.dopingautoriteit.nl,VWS
http://elo.oidji.nl,JenV
http://emissieautoriteit.nl,EZK
http://emissieregistratie.nl,VWS
http://emissionsauthority.nl,EZK
http://e-mjv.nl,VWS
http://emnmagazines.nl,JenV
http://emnnetherlands.nl,JenV
http://energiebesparingovl.nl,IenW
http://energiehout.com,LNV
http://energiekostenprognose.nl,BZK
http://energielabelvoorwoningen.nl,BZK
http://energieoprijksgrond.nl,EZK
http://energieslag.rvo.nl,EZK
http://english.aivd.nl,BZK
http://english.autoriteitnvs.nl,IenW
http://english.awti.nl,OCW
http://english.bigregister.nl,VWS
http://english.cannabisbureau.nl,VWS
http://english.cbgjaarverslag.nl,VWS
http://english.cbg-meb.nl,VWS
http://english.ccmo.nl,VWS
http://english.collegevanrijksadviseurs.nl,BZK
http://english.ctgb.nl,LNV
http://english.ctivd.nl,AZ
http://english.cultureelerfgoed.nl,OCW
http://english.defensie.nl,DEF
http://english.deltaprogramma.nl,IenW
http://english.dggf.nl,EZK
http://english.dienstterugkeerenvertrek.nl,JenV
http://english.domeinenrz.nl,FIN
http://english.donorregister.nl,VWS
http://english.dsta.nl,FIN
http://english.emnmagazines.nl/research,JenV
http://english.euthanasiecommissie.nl,VWS
http://english.farmatec.nl,VWS
http://english.igj.nl,VWS
http://english.ilent.nl,IenW
http://english.inspectie-oe.nl,OCW
http://english.iob-evaluatie.nl,BUZA
http://english.kabinetvandekoning.nl,AZ
http://english.kiesraad.nl,BZK
http://english.kimnet.nl,IenW
http://english.knmidata.nl,IenW
http://english.magazinesrijkswaterstaat.nl,IenW
http://english.mh17magazine.nl/investigationmh17,JenV
http://english.mh17magazine.nl,JenV
http://english.mijncn.nl,BZK
http://english.ncadierproevenbeleid.nl,LNV
http://english.ncsc.nl,JenV
http://english.nctv.nl,JenV
http://english.nrgd.nl,JenV
http://english.nvwa.nl,LNV
http://english.onderwijsinspectie.nl,OCW
http://english.postedworkers.nl,SZW
http://english.rda.nl,LNV
http://english.rekenkamer.nl,AR
http://english.rijksdienstcn.com,BZK
http://english.rijksvastgoedbedrijf.nl,BZK
http://english.rvomagazines.nl,EZK
http://english.rvo.nl,EZK
http://english.scp.nl,VWS
http://english.sso3w.nl,BUZA
http://english.uitvoeringvanbeleidszw.nl,SZW
http://english.wegwijzermensenhandel.nl,JenV
http://english.wodc.nl,JenV
http://english.wrr.nl,AZ
http://english.zorginstituutnederland.nl,VWS
http://ensia.nl,BZK
http://enterpriseeuropenetwork.nl,EZK
http://enwinfo.nl,IenW
http://ep-online.nl,EZK
http://eranetbioenergy.net,EZK
http://erelijst.nl,TK
http://erfgoeddeal.nl,OCW
http://erfgoedenruimte.nl,OCW
http://erfgoedmodernetijd.nl,OCW
http://erfgoedmonitor.nl,OCW
http://e-rihs.nl,OCW
http://ertms-nl.nl,IenW
http://eu2004.nl,BUZA
http://eumetcal.eu,VWS
http://eunadics.eu,VWS
http://eunethta.eu,VWS
http://eunieuws.tweedekamer.nl,TK
http://euphix.org,VWS
http://euro4m.eu,IenW
http://eurofawc.com,LNV
http://europass.nl,OCW
http://europeanpartnership-responsibleminerals.eu,EZK
http://eurovignet.nl,FIN
http://eurovignettes.eu,FIN
http://euthanasiecommissie.nl,VWS
http://ewnederland.nl,EZK
http://examenbladmbo.nl,OCW
http://examenblad.nl,OCW
http://excellentescholen.nl,OCW
http://ex-made.dji.nl,JenV
http://expertisecentrumlyme.nl,VWS
http://expertisecentrummggz.nl,DEF
http://expertisecentrumwarmte.nl,EZK
http://extranet.nifp.nl,JenV
http://ezinesbr.nl,BZK
http://ezips.rivm.nl,VWS
http://ez.maps.arcgis.com,EZK
http://ezoefapp.nl,EZK
http://facturen.ubrijk.nl,BZK
http://faculteitmilitairewetenschappen.nl,DEF
http://fairproject.org,IenW
http://farmacotherapeutischkompas.nl,VWS
http://farmatec.nl,VWS
http://fcinet.org,FIN
http://federatieveservice.nl,JenV
http://festivalforensischezorg.nl,JenV
http://fileshare.rekenkamer.nl,AR
http://filmfonds.nl,OCW
http://financieelfittewerknemers.nl,FIN
http://financiering.versnellingshuisce.nl,IenW
http://findo.nl,BZK
http://fiod.nl,FIN
http://fiscalemonitor.nl,FIN
http://fiu-nederland.nl,JenV
http://flexopdrachtenbzk.nl,BZK
http://flitspanel.nl,BZK
http://fmhaaglanden.nl,BZK
http://fmpbsn.nl,BZK
http://fondspodiumkunsten.nl,OCW
http://forensic-akademie.nl,JenV
http://forensicinstitute.nl,JenV
http://forensischezorg.nl,JenV
http://forensischinstituut.nl,JenV
http://formulierdus-i.nl,VWS
http://fortbijrijnauwen.staatsbosbeheer.nl,LNV
http://forumstandaardisatie.nl,BZK
http://forum.topinkomens.nl,BZK
http://francais.dggf.nl,EZK
http://frisse-scholen.nl,EZK
http://functiegebouwrijksoverheid.nl,BZK
http://functiemix.nl,OCW
http://functieruilrijk.nl,BZK
http://gatewaycommunity.nl,BZK
http://gatewayreview.nl,BZK
http://gds.dopingautoriteit.nl,VWS
http://gebiedagen2.waddenzee.nl,IenW
http://gebiedsagendawadden2050.nl,IenW
http://gebruikercentraal.nl,BZK
http://gedragstoets.nl,EZK
http://gegevensportaal.belastingdienst.nl,FIN
http://gegevensuitwisselingindezorg.nl,VWS
http://geldlessen.nl,FIN
http://geleacademie.nl,IenW
http://gelijke-kansen.nl,OCW
http://gemhofvanjustitie.org,JenV
http://geneesmiddeleninformatiebank.nl,VWS
http://geobasisregistraties.nl,BZK
http://geodata.basisinformatie-overstromingen.nl,IenW
http://geoforum.nl,BZK
http://geosamen.nl,BZK
http://geotool.watermarkt.nl,IenW
http://geozet.koop.overheid.nl/overuwbuurt/onl/,BZK
http://gerechtelijkebrief.nl,BZK
http://ges2019.org,BUZA
http://geschiedenis.reclassering.nl,JenV
http://geschilleninstantieszorg.nl,VWS
http://getij.rws.nl,IenW
http://gezondekinderopvang.nl,VWS
http://gezondeleefomgeving.nl,VWS
http://gezondeschool.nl,VWS
http://gezondheidsraad.nl,VWS
http://ggo-vergunningverlening.nl,VWS
http://ggo-vergunningverlening-zoeken.nl,VWS
http://gipdatabank.nl,VWS
http://gipinfo.nl,SZW
http://globemission.eu,IenW
http://globio.info,IenW
http://gobiernodireino.nl,BZK
http://gobiernudireino.nl,BZK
http://gorrijk.nl,BZK
http://gov4nano.eu,VWS
http://government.nl,AZ
http://gratisvog.nl,VWS
http://greendeals.nl,EZK
http://grensinfo.nl,SZW
http://grenzeloosienm.nl,IenW
http://grenzeloosienw.nl,IenW
http://grknmi.nl,IenW
http://groei.versnellingshuisce.nl,IenW
http://groenalliantiemiddenholland.nl,LNV
http://grondstoffenscanner.nl,EZK
http://grondweteu.nl,BUZA
http://guaranteeforum.eu,EZK
http://haaglandenveilig.nl,JenV
http://halt.nl,JenV
http://handelingenbank.info,BZK
http://healthcouncil.nl,VWS
http://helpdeskbodem.nl,EZK
http://helpdeskbouwregels.nl,BZK
http://helpdesk-efactureren.nl,BZK
http://helpdeskwater.nl,IenW
http://hepatitis-and-u.nl,VWS
http://hepatitisonderzoek.nl,VWS
http://heyhetisoke.nl,VWS
http://higherlevel.nl,EZK
http://hiswa.nl,IenW
http://hoepakjijdataan.nl,VWS
http://hoewerktnederland.nl,SZW
http://hogeraad.nl,JenV
http://hogeraadvanadel.nl,HRvA
http://holanda.es,BUZA
http://holandaevoce.nl,BUZA
http://holandanomundo.nl,BUZA
http://holandawaanta.nl,BUZA
http://hollandavesen.nl,BUZA
http://hollandnationalparks.com,LNV
http://hollands-hout.com,LNV
http://horizonscangeneesmiddelen.nl,VWS
http://houseofrepresentatives.nl,TK
http://huiselijkgeweld.nl,VWS
http://huisstijl.belastingdienst.nl,FIN
http://huisvoorklokkenluiders.nl,BZK
http://hulpbijprivacy.nl,JenV
http://huurcommissie.nl,BZK
http://hwbp.nl,IenW
http://iamcdocumentation.eu,IenW
http://ibestuurcongres.nl,BZK
http://ibki.nl,IenW
http://icic2020.nl,VWS
http://icov.nl,JenV
http://ictu.nl,BZK
http://ideasfrom.eu,LNV
http://idensys.nl,BZK
http://identiteitsdocumenten.nl,JenV
http://ie2020.nl,IenW
http://ie2021.nl,IenW
http://ie20.nl,IenW
http://iedereendoetwat.nl,EZK
http://iedereenondereendak.nl,VWS
http://ienc-kennisportaal.nl,IenW
http://ifv.nl,JenV
http://igj.nl,VWS
http://ikbenhandelaar.nl,JenV
http://ikdoemee.nl,VWS
http://ikpasophetwad.nl,IenW
http://ikvermoedhuiselijkgeweld.nl,VWS
http://ikz.nl,VWS
http://ilent.nl,IenW
http://ilovemyears.nl,VWS
http://immissietoets.nl,IenW
http://impactzuid.nl,JenV
http://implementatiecoachdi.nl,EZK
http://inburgeren.nl,OCW
http://incca.org,OCW
http://incidentmanagement.nl,IenW
http://indjaarverslag.nl,JenV
http://ind.nl,JenV
http://infomil.nl,IenW
http://informatieberaadzorg.nl,VWS
http://informatiehuishouding.nl,OCW
http://informatiehuismarien.nl,IenW
http://informatielangdurigezorg.nl,VWS
http://informatiepuntdigitaleoverheid.nl,VWS
http://informatiepuntkinderopvangtoeslag.rijksoverheid.nl,AZ
http://informatieservice.nederlandwereldwijd.nl,BUZA
http://info.studielink.nl,OCW
http://infoterugkeer.nl,JenV
http://infra-web.nl,IenW
http://inhuurdeskpolitie.nl,JenV
http://inkoopsociaaldomein.nl,VWS
http://in-made.dji.nl,JenV
http://in-made.nl,JenV
http://innova58.nl,IenW
http://innovatieagroennatuur.nl,LNV
http://innovatiecongresjenv.nl,JenV
http://innovatie-estafette.nl,IenW
http://innovatieexpo2020.nl,IenW
http://innovatieexpo2021.nl,IenW
http://innovatietoezicht.nl,IenW
http://innoveermeemetjenv.nl,JenV
http://innovember.nl,BZK
http://inspectie-checklist.nl,SZW
http://inspectiechecklist.nl,SZW
http://inspectie-jenv.nl,JenV
http://inspectie-oe.nl,OCW
http://inspectie-publicaties.nl,SZW
http://inspectieresultatenszw.nl,SZW
http://inspectieszw.nl,SZW
http://inspectiewerkt.nl,SZW
http://inspectorateszw.nl,SZW
http://inspireaanmerking.nl,BZK
http://instellingsinformatie.duo.nl,OCW
http://integraalveilig-ho.nl,OCW
http://intermediairdagen.belastingdienst.nl,FIN
http://internationaalondernemen.nl,EZK
http://internationalstudy.nl,OCW
http://internetconsultatie.nl,JenV
http://internetspiegel.nl,BZK
http://interspeciesinfo.com,VWS
http://investingindutchhousing.nl,BZK
http://iob-evaluatie.nl,BUZA
http://ipkd.eu,BZK
http://irongallink.org,OCW
http://isd.acc.owinsp.nl,OCW
http://ishetafval.nl,IenW
http://isis-web.nl,VWS
http://istandaarden.nl,VWS
http://it-academieoverheid.nl,BZK
http://itscorridor.mett.nl,IenW
http://itsoverzicht.connectingmobility.nl,IenW
http://ivcm.nl,JenV
http://ivd.nl,DEF
http://ivho.docebosaas.com,OCW
http://jaarberichtrijkswaterstaat.nl,IenW
http://jaarverantwoordingzorg.nl,VWS
http://jaarverslag.dopingautoriteit.nl,VWS
http://jaarverslagrechtspraak.nl,JenV
http://jenvconnect.nl,JenV
http://jetelefoondebaas.nl,JenV
http://jeugdautoriteit.nl,VWS
http://jeugdconnect.nl,JenV
http://jeugdmonitor.cbs.nl,EZK
http://jezelfmooiermaken.nl,VWS
http://job.ubrijk.nl,BZK
http://jokesmitprijs.nl,OCW
http://jongerenteam.nl,JenV
http://jonglereneten.nl,LNV
http://justid.nl,JenV
http://justis.nl,JenV
http://justitieconnect.nl,JenV
http://justitieleictorganisatie.nl,JenV
http://justitieleinterventies.nl,JenV
http://kaart.pdok.nl,BZK
http://kabga.aw,BZK
http://kabinetsformatie2017.nl,AZ
http://kabinetvandekoning.nl,AZ
http://kadaster.com,BZK
http://kadaster.nl,BZK
http://kamerindeklas.nl,TK
http://kamervoordebinnenvisserij.nl,LNV
http://kansrijkestartnl.nl,VWS
http://kansspelautoriteit.nl,JenV
http://kasteelgroeneveld.nl,LNV
http://kb.nl,OCW
http://kbvg.nl,JenV
http://kcb.nl,EZK
http://kcwj.nl,JenV
http://kcwjz.nl,JenV
http://kemprogramma.nl,EZK
http://kennisbank.logius.nl,BZK
http://kennis.cultureelerfgoed.nl,OCW
http://kennisknooppuntparticipatie.nl,IenW
http://kennis.markermeerijmeer.nl,IenW
http://kennismarkerwadden.nl,IenW
http://kennisnetbiobased.nl,LNV
http://kennisnetwerkbiociden.nl,VWS
http://kennisnetwerkspv.nl,IenW
http://kennisopenbaarbestuur.nl,BZK
http://kennisplatform.nl,VWS
http://kennisplatformondermijning.nl,JenV
http://kennisplatformveehouderij.nl,VWS
http://kennisplatformvhg.nl,VWS
http://kennisplatformwerkeninkomen.nl,SZW
http://keurmerk.nl,JenV
http://kiesbeter.nl,VWS
http://kiesdefiets.nl,IenW
http://kiesraad.nl,BZK
http://kiezen-en-delen.nl,VWS
http://kijkenoverdegrens.nl,BZK
http://kik-v.nl,VWS
http://kimnet.nl,IenW
http://kinderbescherming.nl,JenV
http://klimaatakkoord.nl,EZK
http://klimaatatlas.nl,IenW
http://klimaatmonitor.databank.nl,IenW
http://klimaatscenarios.nl,IenW
http://knaw.nl,OCW
http://knmi2.nl,IenW
http://knmidata.nl,IenW
http://knmidc.org,IenW
http://knmi.nl,IenW
http://knmiprojects.nl,IenW
http://knooppunt-hoevelaken.nl,IenW
http://koenigshaus.nl,AZ
http://kombijdepolitie.nl,JenV
http://komuitjeschuld.nl,SZW
http://komveiligthuis.nl,IenW
http://koninklijkhuis.nl,AZ
http://koopoverheid.nl,BZK
http://korpsnationalereserve.nl,DEF
http://kosteneffectiviteitvanpreventie.nl,VWS
http://krijgiktozo.nl,SZW
http://krmportaal.nl,IenW
http://krmrapportagetool.nl,IenW
http://ktv-servicedesk.ciz.nl,VWS
http://kustwacht.nl,DEF
http://kvk.nl,EZK
http://lancewadplan.nl,IenW
http://landelijkeadviescommissieplaatsing.nl,JenV
http://landelijkmeldpuntzorg.nl,VWS
http://landelijkregisterkinderopvang.nl,SZW
http://landschapinnederland.nl,OCW
http://lap3.nl,IenW
http://lavsinfo.nl,IenW
http://lbio.nl,JenV
http://lci.rivm.nl,VWS
http://lckva.nl,IenW
http://leefbaarometer.nl,BZK
http://leeromgeving.leerportaalienw.nl,IenW
http://leerplatformmirt.nl,IenW
http://leerportaalienw.nl,IenW
http://leer-rijk.nl,BZK
http://lees-rijk.nl,BZK
http://lemmer-delfzijl.nl,IenW
http://leraar.nl,OCW
http://lerarenportfolio.nl,VWS
http://lerenenwerken.nl,SZW
http://leren.nza.nl,VWS
http://letterenfonds.nl,OCW
http://leveranciersportaal-rijksoverheid.nl,BZK
http://life-ip-deltanatuur.nl,EZK
http://lijstvangevallenen.nl,TK
http://linkeddata.overheid.nl,BZK
http://lintjes.nl,KdNO
http://live.dutchwebinar.com/csbn,JenV
http://lma.nl,IenW
http://locatieregister.dwangindezorg.nl,VWS
http://locatievalkenburg.nl,BZK
http://locov.nl,IenW
http://loc.ubrijk.nl,BZK
http://logerenbijdeboswachter.nl,LNV
http://logius.nl,BZK
http://logius.online-magazine.nl,BZK
http://lokaalklimaatportaal.nl,EZK
http://lokale-democratie.nl,BZK
http://loket.anvs.nl,IenW
http://loketenergierws.nl,IenW
http://loketgentherapie.nl,VWS
http://loketgezondleven.nl,VWS
http://loonaangifteketen.nl,SZW
http://ltauptake.eu,EZK
http://ltfo.nl,JenV
http://luchtvaartgesprek.nl,IenW
http://luchtvaartindetoekomst.nl,IenW
http://luchtvaartmeteo.nl,IenW
http://lvnl.nl,IenW
http://lzalp.nl,VWS
http://maakhetzeniettemakkelijk.nl,JenV
http://maatwerkvoormensen.nl,IenW
http://machtigen.digid.nl,BZK
http://magazine.forumstandaardisatie.nl,BZK
http://magazines.aandeslagmetdeomgevingswet.nl,IenW
http://magazines.agentschaptelecom.nl,EZK
http://magazines.algemenebestuursdienst.nl/abdblad,BZK
http://magazines.algemenerekenkamer.nl/rekenmaar,AR
http://magazines.arboportaal.nl/arbomagazine,SZW
http://magazines.autoriteitnvs.nl,IenW
http://magazines.collegevanrijksadviseurs.nl/panoramanederland,BZK
http://magazines.defensie.nl,DEF
http://magazines.deltaprogramma.nl,IenW
http://magazines.dji.nl/djizien,JenV
http://magazines.emissieautoriteit.nl/jaarverslag-nea,EZK
http://magazines.erfgoedinspectie.nl,OCW
http://magazines.forensischinstituut.nl,JenV
http://magazines.government.nl/anf/anf-specials,LNV
http://magazines.government.nl/fa/,BUZA
http://magazines.government.nl/iandw/makingwaves,IenW
http://magazines.igj.nl/zorgnetwerken,VWS
http://magazines.ilent.nl,IenW
http://magazines.informatiehuishouding.nl,OCW
http://magazines.inspectie-jenv.nl,JenV
http://magazines.inspectie-oe.nl,OCW
http://magazines.kinderbescherming.nl,JenV
http://magazines.logius.nl,BZK
http://magazines.ncsc.nl,JenV
http://magazines.nvwa.nl/jaarverslag,LNV
http://magazines.nza.nl/standvandezorg,VWS
http://magazines.onderwijsinspectie.nl,OCW
http://magazines.openbaarministerie.nl,JenV
http://magazines.p-direkt.nl,BZK
http://magazines.platformjep.nl/jepzine,SZW
http://magazines.platformrijksoverheiddemo.nl,AZ
http://magazines.riec.nl/codegeel,JenV
http://magazines.rijksinspecties.nl/magazine-rijksinspecties,IenW
http://magazines.rijksoverheid.nl/adr/adrover,FIN
http://magazines.rijksoverheid.nl/bz/,BUZA
http://magazines.rijksoverheid.nl/ezk,EZK
http://magazines.rijksoverheid.nl/ienw,IenW
http://magazines.rijksoverheid.nl/ind/indigitaal,JenV
http://magazines.rijksoverheid.nl/inspectieszw,SZW
http://magazines.rijksoverheid.nl/jenv,JenV
http://magazines.rijksoverheid.nl/knmi/,IenW
http://magazines.rijksoverheid.nl/lnv,LNV
http://magazines.rijksoverheid.nl/scp/,VWS
http://magazines.rijksoverheid.nl/vws/rechtmatigezorg,VWS
http://magazines.rijksvastgoedbedrijf.nl,BZK
http://magazinesrijkswaterstaat.nl,IenW
http://magazines.rvig.nl/idee,BZK
http://magazines.socialestabiliteit.nl,SZW
http://magazines.sodm.nl,EZK
http://magazines.sso3w.nl/3w-jaarverslag,BUZA
http://magazines.toezichtsociaaldomein.nl/jaarbeeld,VWS
http://magazines.tuchtcollege-gezondheidszorg.nl/jaarverslagen,VWS
http://magazines.ubrijk.nl/productenendienstencatalogus,BZK
http://magazines.wodc.nl,JenV
http://magazines.zorgpact.nl/samen-leren-zorgen,VWS
http://maison-royale.nl,AZ
http://makingwavesnl.nl,IenW
http://manifestgroep.pleio.nl,OCW
http://maraz.nl,VWS
http://marcopolo-panda.eu,VWS
http://maritiemehavenenbinnenhavenmonitor.nl,IenW
http://maror.nl,FIN
http://mass.cultureelerfgoed.nl,OCW
http://materiaal.ikvalop.nl,IenW
http://materialen.nix18.nl,VWS
http://mccg.nl,EZK
http://mediatheekrijksoverheid.nl,AZ
http://medicijnkosten.nl,VWS
http://medicineshortagesdefects.nl,VWS
http://meerenbeterrecyclen.nl,IenW
http://meermetminderplastic.nl,IenW
http://meldennieuwezorgaanbieders.nl,VWS
http://meldingsformulier.nza.nl,VWS
http://meldknop.nl,EZK
http://meldloket.postedworkers.nl,SZW
http://meldplichttelecomwet.nl,EZK
http://meldpuntbodemkwaliteit.nl,IenW
http://meldpuntgeneesmiddelentekortendefecten.nl,VWS
http://meldpunttelecomwet.nl,EZK
http://meldpuntzorgwekkendgedrag.nl,VWS
http://mensenrechten.nl,JenV
http://menukaart.kansrijkestartnl.nl,VWS
http://metenvanduurzaamheid.nl,VWS
http://mh17magazine.nl,JenV
http://mi-cert.nl,EZK
http://microfoonbanden.nl,EZK
http://mijn.belastingdienst-cn.nl,FIN
http://mijn.bigregister.nl,VWS
http://mijnbouwvergunningen.nl,EZK
http://mijn.bron.nl,OCW
http://mijncn.nl,BZK
http://mijncoronaprotocol.nl,EZK
http://mijndiplomas.nl,OCW
http://mijn.donorregister.nl,VWS
http://mijneindexamen.nl,OCW
http://mijn.igj.nl,VWS
http://mijnnfi.nl,JenV
http://mijn.nza.nl,VWS
http://mijnoctrooi.rvo.nl,EZK
http://mijnontwikkelhuis.nl,JenV
http://mijn.overheid.nl,BZK
http://mijnpgb.nl,BZK
http://mijn.rvo.nl,EZK
http://mijnslachtofferzaak.nl,JenV
http://mijnverblijfsdocument.nl,BZK
http://milieuzones.nl,EZK
http://millingerwaard.staatsbosbeheer.nl,LNV
http://minez.nederlandsesoorten.nl,LNV
http://minvws.pr.co,VWS
http://mirt2010.mirtprojectenboek.nl,IenW
http://mirt2016.mirtoverzicht.nl,IenW
http://mirta15papendrechtgorinchem.nl,IenW
http://mirta20nieuwerkerkgouda.nl,IenW
http://mirta2deilvught.nl,IenW
http://mirta67leenderheidezaarderheiken.nl,IenW
http://mirtnowa.nl,IenW
http://mirtoostkantamsterdam.nl,IenW
http://mirtoverzicht.nl,IenW
http://mirtverkenninga1-a30.nl,IenW
http://missionsustainable.nl,BUZA
http://mjpo.nl,IenW
http://mkdoorn.nl,BZK
http://mlzopendata.cbs.nl,VWS
http://mnd.overheid.nl,BZK
http://mobiliteitsscan-info.nl,IenW
http://mobilitylab.nl,IenW
http://mondriaanfonds.nl,OCW
http://monitorgezondheid.nl,VWS
http://monitorlangdurigezorg.nl,VWS
http://monitor-nederlanddigitaal.nl,EZK
http://monozakelijk.nl,IenW
http://monroeproject.eu,IenW
http://monumenten.nl,OCW
http://move-rdh.nl,IenW
http://multifunctionelelandbouw.net,LNV
http://mvicongres.nl,IenW
http://mvicriteria.nl,IenW
http://mvizet.nl,EZK
http://mycoa.nl,JenV
http://n35wijthmennijverdal.nl,IenW
http://n3werkzaamheden.nl,IenW
http://naarhetiak.nl,JenV
http://naarnederland.nl,SZW
http://nak.nl,LNV
http://naktuinbouw.com,LNV
http://naktuinbouw.nl,LNV
http://nas-adaptatietool.nl,IenW
http://nationaalarchief.nl,OCW
http://nationaalcoordinatorgroningen.nl,BZK
http://nationaalgeoregister.nl,BZK
http://nationaalovberaad.nl,IenW
http://nationaalrapporteur.nl,JenV
http://nationaleenergieatlas.nl,IenW
http://nationaleiconen.nl,EZK
http://nationaleklimaatweken.nl,EZK
http://nationaleombudsman.nl,NO
http://nationaleparkenbureau.nl,LNV
http://nationalicons.nl,EZK
http://natura2000.nl,LNV
http://natura2000waddengebied.nl,IenW
http://natuurenrecreatieschapijsselmonde.nl,LNV
http://natuurkaravaan.pleio.nl,LNV
http://natuurlijkveilig.nl,IenW
http://ncadierproevenbeleid.nl,LNV
http://nctv.nl,JenV
http://ndw.nu,IenW
http://nederlanddigitaal.nl,EZK
http://nederlandenu.nl,BUZA
http://nederlandgezondenwel.nl,VWS
http://nederlandsesoorten.nl,LNV
http://nederlandse-sportraad.nl,VWS
http://nederlandwereldwijd.nl,BUZA
http://neorah.nl,VWS
http://netherlandsandyou.nl,BUZA
http://netherlandsworldwide.nl,BUZA
http://nettrofee.nl,EZK
http://netwerkplatteland.nl,LNV
http://netwerk.publiektoezicht.nl,IenW
http://nevenbetrekkingen.om.nl,JenV
http://nevo-online.rivm.nl,VWS
http://newsroom.minienw.nl,IenW
http://nictiz.nl,VWS
http://niderlandy-i-vy.nl,BUZA
http://nidos.nl,JenV
http://niederlandeweltweit.nl,BUZA
http://nieuwsbriefdor.nl,IenW
http://nieuwsbrievenminocw.nl,OCW
http://nieuwsbrieven.rijkswaterstaat.nl,IenW
http://nieuwsbzk.nl,BZK
http://nieuwsenkennisportaalbzk.nl,BZK
http://nieuwsienw.nl,IenW
http://nieuwsszw.nl,SZW
http://nifp.nl,JenV
http://nimh-beeldbank.defensie.nl,DEF
http://nis.rijkswaterstaat.nl,IenW
http://niwo.nl,IenW
http://nix18.nl,VWS
http://niyuhelan.nl,BUZA
http://nji.nl,VWS
http://nlbranding.nl,BUZA
http://nlconsulate.com,BUZA
http://nldigitalgovernment.nl,BZK
http://nl.espacenet.com,EZK
http://nlexporteert.nl,BUZA
http://nlflag.nl,IenW
http://nlintheusa.com,BUZA
http://nlmaps.nl,BZK
http://nlog.nl,EZK
http://nlontwikkelingssamenwerking.nl,BUZA
http://nlplatform.com,EZK
http://nltaxonomie.nl,BZK
http://nlvalidatie.nl,BZK
http://nl-works.nl,EZK
http://nmbf.nl,BZK
http://nmdc.eu,VWS
http://noordzeeloket.nl,IenW
http://noraonline.nl,BZK
http://northseaportal.eu,IenW
http://novistukken.nl,BZK
http://npostart.nl,OCW
http://nrgd.nl,JenV
http://nsgi.nl,BZK
http://nsl-monitoring.nl,VWS
http://nuclearforensics.eu,JenV
http://nunietzwanger.nl,VWS
http://nvao.net,OCW
http://nvao.nl,OCW
http://nvwa.nl,LNV
http://nwo-i.nl,OCW
http://nwo.nl,OCW
http://nza.nl,VWS
http://nzvt.nl,VWS
http://ocw.cultuursubsidie.nl,OCW
http://ocwincijfers.nl,OCW
http://ocwnieuws.nl,OCW
http://odb.belastingdienst.nl,FIN
http://odc-noord.nl,OCW
http://oecdguidelines.nl,BUZA
http://oesorichtlijnen.nl,BUZA
http://officielebekendmakingen.nl,BZK
http://oicrf.org,BZK
http://oidji.nl,JenV
http://omgevingsloket.nl,IenW
http://omgevingsveiligheid.rivm.nl,VWS
http://omgevingswijzer.org,IenW
http://om.nl,JenV
http://on2013.nl,IenW
http://onbedoeldzwanger.info,VWS
http://ondernemersplein.kvk.nl,EZK
http://onderwijsincijfers.nl,OCW
http://onderwijsinderegioincijfers.nl,OCW
http://onderwijsinspectie.nl,OCW
http://onderwijsraad.nl,OCW
http://onderzoeksraad.nl,JenV
http://onderzoekswijs.nl,VWS
http://onderzoekvanmijnongeborenkind.nl,VWS
http://onehealth.nl,VWS
http://onlineform.culture.gov.nl,BUZA
http://ons.communicatierijk.nl,AZ
http://onstoezicht.igj.nl,VWS
http://onswater.nl,IenW
http://ontdekderuimte.leraar.nl,OCW
http://ontdekdezorg.nl,VWS
http://ontdeknederland.nl,BUZA
http://ontsnippering.nl,IenW
http://ontwerpenaanklimaatenwater.nl,BZK
http://opdrachtgeversforum.nl,EZK
http://opendata-award.nl,BZK
http://opendata.tweedekamer.nl,TK
http://opendisdata.nl,VWS
http://open-overheid.nl,BZK
http://operatiebrp.nl,BZK
http://opnieuwthuis.nl,JenV
http://oproepingen.overheid.nl,BZK
http://opwegmetwaterstof.nl,IenW
http://orandatowatashi.nl,BUZA
http://ordz.nl,VWS
http://orfeus-eu.org,IenW
http://osresultaten.nl,BUZA
http://oteam.nl,BZK
http://otl.rws.nl,IenW
http://ouders-uit-elkaar.nl,JenV
http://outilevaluationbiosecurite.nl,VWS
http://overalsnelinternet.nl,EZK
http://overheid.nl,BZK
http://overheidvandetoekomst.nl,BZK
http://overheidvannu.nl,BZK
http://overlegorgaanfysiekeleefomgeving.nl,IenW
http://over-ons.belastingdienst.nl,FIN
http://overstroomik.nl,IenW
http://overuwbuurt.overheid.nl,BZK
http://paisesbajosmundial.nl,BUZA
http://paisesbajosytu.nl,BUZA
http://papiamentu.mijncn.nl,BZK
http://papiamentu.rijksdienstcn.com,BZK
http://parismou.org,IenW
http://parlement.nl,TK
http://participatiefonds.nl,OCW
http://partnerportaalienw.nl,IenW
http://passionado.nl,JenV
http://pathways-project.nl,IenW
http://patientendialoog.plusvws.nl,VWS
http://paysbasetvous.nl,BUZA
http://paysbasmondial.nl,BUZA
http://pbl.nl,IenW
http://pbotalent.rijksbeveiliging.nl,BZK
http://pbt-netwerk.nl,OCW
http://p-direkt.nl,BZK
http://pdok.nl,BZK
http://pdokviewer.pdok.nl,BZK
http://perined.nl,VWS
http://permanentevertegenwoordigingen.nl,BUZA
http://permanentrepresentations.nl,BUZA
http://persberichten.rijksoverheid.nl,AZ
http://pgainterventietool.nl,JenV
http://pgw.belastingdienst.nl,FIN
http://pianoo-congres.nl,EZK
http://pianoo.nl,EZK
http://pih.belastingdienst.nl,FIN
http://pilotnudging.nl,SZW
http://placesofhope.nl,BZK
http://planmonitorwonen.nl,BZK
http://plastic-en.tool.cultureelerfgoed.nl,OCW
http://plastic.tool.cultureelerfgoed.nl,OCW
http://plasticvrijewadden.waddenzee.nl,IenW
http://platformafvalcirculair.nl,IenW
http://platformduurzaamovenspoor.nl,IenW
http://platformduurzamehuisvesting.nl,EZK
http://platform.informatieberaadzorg.nl,VWS
http://platformjep.nl,SZW
http://platformkringlooplandbouw.nl,LNV
http://platformparticipatie.nl,IenW
http://platformrijksoverheiddemo.nl,AZ
http://platformwow.nl,IenW
http://pleinbzk.nl,BZK
http://pleio.nl,FIN
http://plusvws.nl,VWS
http://pmkapp.nl,BZK
http://pns.nl,VWS
http://politieacademie.nl,JenV
http://politieenwetenschap.nl,JenV
http://politiekeambtsdragers.nl,JenV
http://politie.nl,JenV
http://politieorkest.nl,JenV
http://politieplanner.nl,JenV
http://politiesport.nl,JenV
http://poraad.nl,OCW
http://portaal.belastingdienst.nl,FIN
http://portaal.digimelding.nl,BZK
http://postedworkers.nl,SZW
http://postergenerator.ontdekdezorg.nl,VWS
http://poster.verderkijkers.nl,SZW
http://povmacrostabiliteit.nl,IenW
http://povm.nl,IenW
http://pov-piping.nl,IenW
http://praatmee.nza.nl,VWS
http://pre.omgevingswet.overheid.nl,BZK
http://prettigcontactmetdeoverheid.nl,BZK
http://prinsjesdagtool.nl,FIN
http://processinnovation.nl,EZK
http://prodemos.nl,BZK
http://producten.lees-rijk.nl,BZK
http://professional.basisinformatie-overstromingen.nl,IenW
http://prognosemodelzw.nl,VWS
http://programmalangerthuis.nl,VWS
http://programmamenscentraal.nl,BZK
http://programmasociaaldomein.nl,BZK
http://projects.knmi.nl,IenW
http://prosecutionservice.nl,JenV
http://psosamenwerken.wordpress.com,BUZA
http://pt.rsonac.org,BUZA
http://publicatie.centrumvoorstandaarden.nl,BZK
http://publicaties.cibg.nl,VWS
http://publicaties.rvig.nl,BZK
http://puc.overheid.nl,BZK
http://pulsefishing.eu,LNV
http://puntenstelsel.nl,JenV
http://puurrookvrij.nl,VWS
http://pzp.nl,JenV
http://qa4ecv.eu,VWS
http://q-bankplants.eu,LNV
http://quicktelecomscan.nl,EZK
http://raadopenbaarbestuur.nl,BZK
http://raadrvs.nl,VWS
http://raadvanstate.nl,RvS
http://raadvoorcultuur.nl,OCW
http://raadvoorhetoverheidspersoneelsbeleid.nl,CAOP
http://raadvoorplantenrassen.nl,LNV
http://rabarijk.nl,BZK
http://randstad380kv-noordring.nl,EZK
http://randstad380kv-zuidring.nl,EZK
http://rapportage.bkwi.nl,SZW
http://rattenmonitor.nl,VWS
http://rbv.minfin.nl,FIN
http://rce-test.monumenten.nl,OCW
http://rda.nl,LNV
http://rdw.nl,IenW
http://rechtenoverheid.nl,JenV
http://rechtsbijstand.nl,JenV
http://rechtspraak.nl,JenV
http://rechtvoorjou.nl,JenV
http://rechtwijzer.nl,JenV
http://reclassering.nl,JenV
http://recreatieschaprottemeren.nl,LNV
http://recreatieschapvoorneputten.nl,LNV
http://referentiegrootboekschema.nl,BZK
http://regiebureau-pop.eu,LNV
http://regioatlas.nl,BZK
http://regiobeeld.nl,VWS
http://regioburgemeesters.nl,BZK
http://regulatoryscience.nl,VWS
http://reizentijdenscorona.nl,VWS
http://reizentijdenscorona.rijksoverheid.nl,VWS
http://rekenhulptransitievergoeding.nl,SZW
http://rekenkamer.nl,AR
http://rekentool.topinkomens.nl,BZK
http://rgd-inspecties.nl,BZK
http://riecis.nl,JenV
http://riec.nl,JenV
http://rijbewijs.nl,IenW
http://rijkewaddenzee.nl,LNV
http://rijksacademie.nl,FIN
http://rijksafspraakplanner.nl,BZK
http://rijksbegroting.nl,FIN
http://rijksbrededienstverleners.nl,BZK
http://rijksdienstcn.com,BZK
http://rijksfinancien.nl,FIN
http://rijkshuisstijl.nl,AZ
http://rijksictdashboard.nl,BZK
http://rijksinnovatiecommunity.nl,BZK
http://rijksinspecties.nl,IenW
http://rijksnormering.nl,BZK
http://rijksoverheid.bouwbesluit.com,BZK
http://rijksoverheid.nl,AZ
http://rijksoverheidsevents.nl,BZK
http://rijksrecherche.nl,JenV
http://rijksschoonmaak.nl,SZW
http://rijksservices.nl,BZK
http://rijkstalentencentrum.nl,BZK
http://rijksvaccinatieprogramma.nl,VWS
http://rijksvastgoedbedrijf.nl,BZK
http://rijkswaterstaatdata.nl,IenW
http://rijkswaterstaat.nl,IenW
http://rijkswaterstaatstrooit.nl,IenW
http://rijkswaterstaatverkeersinformatie.nl,IenW
http://rijkszaak.nl,EZK
http://rinis.nl,BZK
http://risicokaart.nl,IenW
http://risicotoolboxbodem.nl,VWS
http://rivm.nl,VWS
http://rli.nl,IenW
http://rorportaal.nl,IenW
http://row-minvws.nl,VWS
http://royal-house.nl,AZ
http://rsj.nl,JenV
http://rsonac.org,BUZA
http://ruimtelijkeadaptatie.nl,IenW
http://ruimtelijkeplannen.nl,BZK
http://rva.nl,EZK
http://rvbmarktmiddag.nl,BZK
http://rvdkraadsnet.nl,JenV
http://rvig.nl,BZK
http://rvomagazines.nl,EZK
http://rvo.nl,EZK
http://rvr.org,JenV
http://rvs.rivm.nl,VWS
http://rwscirculair.nl,IenW
http://rwscregelaar.nl,IenW
http://rwsduurzamemobiliteit.nl,IenW
http://rwseconomie.nl,IenW
http://rwsenvironment.eu,IenW
http://rwsinnoveert.nl,IenW
http://rwsleefomgeving.nl,IenW
http://rwsnatura2000.nl,IenW
http://rws-oostnederland.verkeersgegevens.nl,IenW
http://rwssportdag.nl,IenW
http://rwsupdate.nl,IenW
http://rwsverkeersinfo.nl,IenW
http://saip.nl,BZK
http://samenmetenaanluchtkwaliteit.nl,VWS
http://samensnelinternet.nl,EZK
http://samentegeneenzaamheid.nl,VWS
http://samenwerkenaanontwerpkracht.nl,OCW
http://samenwerkenaanriviernatuur.nl,IenW
http://samenwerken.zorginstituutnederland.nl,VWS
http://sanctieuitvoering.nl,JenV
http://sawa-vth.nl,IenW
http://s-bb.nl,OCW
http://sbr-nl.nl,BZK
http://sbr-wonen.nl,IenW
http://sbv-z.nl,VWS
http://schadedoormijnbouw.nl,EZK
http://schadefonds.nl,JenV
http://schadeschap.nl,IenW
http://schakeldagen.nl,IenW
http://schoneluchtakkoord.nl,IenW
http://schonerivieren.org,IenW
http://schoolleidersregisterpo.nl,OCW
http://schoolleidersregistervo.nl,OCW
http://schoorlseduinen.staatsbosbeheer.nl,LNV
http://sciorijk.nl,BZK
http://scp.nl,VWS
http://sds-check.nl,SZW
http://secs.hetcak.nl,VWS
http://ser.nl,EZK
http://serviceinfoapp.nl,EZK
http://sieunddieniederlande.nl,BUZA
http://signaleringleefomgevingengezondheid.nl,VWS
http://skal.nl,LNV
http://slachtofferinformatie-om.nl,JenV
http://slachtofferportaal.nl,JenV
http://slimmest.nl,LNV
http://slimmezorgestafette.nl,VWS
http://slimwatermanagement.nl,IenW
http://slo.nl,OCW
http://slotcoordination.nl,IenW
http://snelheidsovertredingen.om.nl,JenV
http://snmedia.nl,EZK
http://snuffle.org,VWS
http://sociaalfondsminienw.nl,IenW
http://socialemediagidsbz.nl,BUZA
http://socialestabiliteit.nl,SZW
http://socrates2.org,IenW
http://sodm.nl,EZK
http://solarhighways.eu,IenW
http://solliciterenbijciz.nl,VWS
http://spaceoffice.nl,EZK
http://sportenbewegenincijfers.nl,VWS
http://sportinnovator.nl,VWS
http://ssc-campus.nl,VWS
http://ssc-ict-innovatie.nl,BZK
http://ssc-ict.nl,BZK
http://ssc-ictspecials.nl,BZK
http://ssc-i.nl,JenV
http://ssci.nl,JenV
http://sso3w.nl,BUZA
http://sso-noord.nl,OCW
http://ssr.nl,JenV
http://staatsbosbeheer.nl,LNV
http://staatscommissieparlementairstelsel.nl,BZK
http://staatsexamensnt2.nl,OCW
http://staatsexamensvo.nl,OCW
http://staatsieportretten-bestellen.nl,AZ
http://staatvanhetmkb.nl,EZK
http://staatvenz.nl,VWS
http://stagefonds.formulierdus-i.nl,VWS
http://standaarden.overheid.nl,BZK
http://standaarden.rijkswaterstaat.nl,IenW
http://standaarden.rws.nl,IenW
http://stapvooruit.nl,JenV
http://startmetoesorichtlijnen.nl,BUZA
http://staten-generaal.nl,TK
http://statiagovernment.com,BZK
http://stelselcatalogus.nl,BZK
http://stichtingrpo.nl,OCW
http://stimuleringsfonds.nl,OCW
http://stimva.nl,IenW
http://stopheling.nl,JenV
http://storybook.nldesignsystem.nl,BZK
http://strafrechtketen.nl,JenV
http://stuc.tool.cultureelerfgoed.nl,OCW
http://studeermeteenplan.nl,OCW
http://studiegroep.overheidvannu.nl,BZK
http://studielink.nl,OCW
http://subsidie.cultureelerfgoed.nl,OCW
http://subsidie.monumenten.nl,OCW
http://summercourt.nl,JenV
http://supportschonesport.nl,VWS
http://sustainabilitymethod.com,VWS
http://suurhoffbrug.nl,IenW
http://svbabc.nl,SZW
http://svb.nl,SZW
http://svdj.nl,OCW
http://taalakkoord.nl,SZW
http://tactoolnrgd.nl,JenV
http://talent.rijksbeveiliging.nl,BZK
http://tcbb.nl,EZK
http://tcbodem.nl,IenW
http://teamwork-against-trafficking-for-labour-exploitation.nl,JenV
http://techleap.nl,EZK
http://teebstad.nl,VWS
http://tegengaanradicalisering.nl,JenV
http://telmeemettaal.nl,OCW
http://temis.nl,IenW
http://tenderned.nl,EZK
http://terugvoerplicht.nl,JenV
http://teverantwoordenregelingen.rijksoverheid.nl,BZK
http://thedutchchallenge.nl,BUZA
http://thegfce.org,JenV
http://tib-ivd.nl,AZ
http://tip.ncsc.nl,JenV
http://tlokb.nl,BZK
http://tno.nl,EZK
http://toegangsociaaldomein.nl,VWS
http://toegangtotdeoverheid.nl,JenV
http://toegankelijkheidsverklaring.nl,BZK
http://toekomstglb.nl,LNV
http://toekomstreligieuserfgoed.nl,OCW
http://toekomstvanhethogeronderwijs.nl,OCW
http://toeslagenanimatie.toeslagen.nl,FIN
http://toets.dopingautoriteit.nl,VWS
http://toetsingonline.nl,VWS
http://toetsingscommissievp.nl,SZW
http://toezichtopboa.nl,JenV
http://toezichtopzorgnetwerken.igj.nl,VWS
http://toezichtsociaaldomein.nl,VWS
http://toolboxbeleidsevaluaties.nl,FIN
http://toolboxinclusief.nl,BZK
http://toolkit.kiesdefiets.nl,IenW
http://toolkit.nlbranding.nl,BUZA
http://toolkitomgevingswet.nl,BZK
http://toolkit.ontdekdezorg.nl,VWS
http://tools-acc.rijksictgilde.nl,BZK
http://tools.i-interimrijk.nl,BZK
http://tools.rijksictgilde.nl,BZK
http://tools.rijksinnovatiecommunity.nl,BZK
http://topcorridors.com,IenW
http://topsectoragrifood.nl,LNV
http://topsectorenergie.nl,EZK
http://topsectoren.nl,EZK
http://topshuis.nl,IenW
http://tradeandinnovate.nl,EZK
http://transitieproefdiervrijeinnovatie.nl,LNV
http://transparantiebenchmark.nl,EZK
http://transplantatiestichting.nl,VWS
http://treatydatabase.overheid.nl,BZK
http://trots.ontdekdezorg.nl,VWS
http://tst-rds.nl,VWS
http://tuchtrecht.overheid.nl,BZK
http://tweedekamer.nl,TK
http://ubrijk.nl,BZK
http://uitkomstgerichtezorg.nl,VWS
http://uitvoeringarbeidsvoorwaardenwetgeving.nl,SZW
http://uitvoeringvanbeleidszw.nl,SZW
http://uitwisselportaal.nza.nl,VWS
http://uno.dfront.rijkscloud.nl,OCW
http://usar.nl,JenV
http://uspb-depeevee.nl,VWS
http://uwbeslagvrijevoet.nl,SZW
http://uwv.nl,SZW
http://uziregister.nl,VWS
http://vaarweginformatie.nl,IenW
http://vacature.werkenbijdeeu.nl,BUZA
http://vacature.werkenvoorinternationaleorganisaties.nl,BUZA
http://validatie.nl,JenV
http://vananaarbeter.nl,IenW
http://vangbuitenshuis.nl,IenW
http://vang-hha.nl,IenW
http://vastgoedvanhetrijk.nl,BZK
http://vdesktop.hetcak.nl,VWS
http://veiligepubliekedienstverlening.nl,BZK
http://veiligheidbegintbijvoorkomen.nl,JenV
http://veiliginternetten.nl,EZK
http://veiligtatoeerenenpiercen.nl,VWS
http://veiligvakmanschap.nl,SZW
http://veiling.belastingdienst.nl,FIN
http://venvn.nl,VWS
http://veranderingenkinderopvang.nl,SZW
http://verantwoordalcoholverkopen.nl,VWS
http://verantwoordmesttransport.nl,LNV
http://verbeterdekaart.nl,BZK
http://verbeter-direkt.nl,BZK
http://verbeterjehuis.nl,BZK
http://verderkijkers.nl,SZW
http://verdragenbank.overheid.nl,BZK
http://verf.tool.cultureelerfgoed.nl,OCW
http://vergunningenbank.overheid.nl,BZK
http://verhalenoverdeoorlog.nl,SZW
http://verkeersbesluiten.overheid.nl,BZK
http://verkeersonderneming.nl,IenW
http://verkeersveiligheidscampagnes.nl,IenW
http://verkiezingsuitslagen.nl,BZK
http://verlofadviescollege.nl,JenV
http://versnellingshuisce.nl,IenW
http://versnellingspartner.versnellingshuisce.nl,IenW
http://vervangingsfonds.nl,OCW
http://verwijzingsportaalbankgegevens.nl,JenV
http://veterinairberoepscollege.nl,LNV
http://veterinairtuchtcollege.nl,LNV
http://veva.nl,DEF
http://vfpf.nl,OCW
http://via15.nl,IenW
http://vib-check.nl,SZW
http://vibcheck.nl,SZW
http://videoleren.nvwa.nl,LNV
http://vindelkaart.nl,IenW
http://visitaties.nl,BZK
http://vntop.nl,BUZA
http://vogcheck.justis.nl,JenV
http://volksgezondheidenzorg.info,VWS
http://volwaardig-leven.nl,VWS
http://voordejeugd.nl,VWS
http://vo-raad.nl,OCW
http://vraagbaakiv3gemeenten.nl,BZK
http://vraagbaakiv3provincies.nl,BZK
http://vraaghetdepolitie.nl,JenV
http://vrachtwagenheffing.nl,IenW
http://vragengeneratorbibob.nl,JenV
http://vragenlijst.meldennieuwezorgaanbieders.nl,VWS
http://vreemdelingendocumenten.nl,JenV
http://vreemdelingenvisie.nl,JenV
http://vrijwilligers.staatsbosbeheer.nl,LNV
http://vsregister.venvn.nl,VWS
http://vtv2018.nl,VWS
http://vvg-lenp.nl,JenV
http://vwscongresmagazine.nl,VWS
http://vwsdia.nl,VWS
http://vwsflex.nl,VWS
http://vwshuisstijl.nl,VWS
http://vwsnet.nl,VWS
http://vzvz.nl,VWS
http://waarborg.nl,EZK
http://waarderingskamer.nl,FIN
http://waardigheidentrots.nl,VWS
http://waarzitwatin.nl,VWS
http://wabes.nl,IenW
http://waddenatlas.nl,IenW
http://waddenbarometer.nl,IenW
http://waddenbeheerautoriteit.nl,IenW
http://waddenloket.nl,IenW
http://waddensea.nl,IenW
http://waddensea-worldheritage.org,LNV
http://waddenviewer.datahuiswadden.nl,IenW
http://waddenzee.nl,IenW
http://wadzee9520.waddenzee.nl,IenW
http://watdevog.nl,JenV
http://wateetnederland.nl,VWS
http://waterasleverage.org,EZK
http://waterberichtgeving.rws.nl,IenW
http://waterbeschikbaarheid.nl,IenW
http://waterbodemrichtlijn.nl,IenW
http://waterinfo-extra.rws.nl,IenW
http://waterinfo.rws.nl,IenW
http://waterveiligheidsportaal.nl,IenW
http://watkanmijhelpen.nl,JenV
http://watvoorhandhaverbenjij.nl,JenV
http://web.minienm.nl/mob2016/,IenW
http://webshop.incidentmanagement.nl,IenW
http://weekvanhetgeld.nl,FIN
http://weeralarm.nl,IenW
http://weerbaar-bestuur.nl,BZK
http://weerbaarbestuur.nl,BZK
http://weerbaredigitaleoverheid.nl,BZK
http://wegtotdewetenschap.nl,VWS
http://wegwijzermensenhandel.nl,JenV
http://welvaartenleefomgeving.nl,IenW
http://werkagenda.raadrvs.nl,VWS
http://werken.belastingdienst.nl,FIN
http://werkenbijciz.nl,VWS
http://werkenbijdeeu.nl,BUZA
http://werkenbijdefensie.nl,DEF
http://werkenbijde.nza.nl,VWS
http://werkenbijdeoverheid.nl,BZK
http://werkenbijhetcak.nl,VWS
http://werkenbijhetkadaster.nl,BZK
http://werkenbijhetom.nl,JenV
http://werkenbij.rijkswaterstaat.nl,IenW
http://werkenvoorderva.nl,EZK
http://werkenvoorinternationaleorganisaties.nl,BUZA
http://werkenvoornederland.nl,BZK
http://werkgever.mijnwerkenzekerheid.nl,SZW
http://werknemer.mijnwerkenzekerheid.nl,SZW
http://werk.nl,SZW
http://werkplus.rijkstalentencentrum.nl,BZK
http://werkzaamheden.rijkswaterstaat.nl,IenW
http://wetgevingskalender.overheid.nl,BZK
http://wetten.overheid.nl,BZK
http://whofic.nl,VWS
http://wijzeringeldzaken.nl,FIN
http://windenergie.nl,EZK
http://windopzee.nl,EZK
http://wkotool.nl,EZK
http://wlo2015.nl,IenW
http://wmo-monitor.nl,VWS
http://wobcovid19.rijksoverheid.nl,VWS
http://wodc.nl,JenV
http://wodc-repris.nl,JenV
http://woningmarktbeleid.nl,BZK
http://woononderzoek.nl,BZK
http://wordpolitievrijwilliger.nl,JenV
http://wordtaakstrafbegeleider.nl,JenV
http://workinnl.nl,SZW
http://wozep.nl,IenW
http://wozwaardeloket.nl,BZK
http://wpfc2020.com,BUZA
http://wrr.nl,AZ
http://wtzi.nl,VWS
http://www.actuelewaterdata.nl,IenW
http://www.bco-portaal.nl,VWS
http://www.clientondersteuning.co.nl,VWS
http://www.dictu.nl,EZK
http://www.emnmagazines.nl/onderzoeksmagazine,JenV
http://www.energiesubsidiewijzer.nl,EZK
http://www.hetcak.nl,VWS
http://www.impactzuid.nl/impact-magazine,JenV
http://www.kinderbescherming.nl,JenV
http://www.laamagazine.nl/aanpak-adreskwaliteit,BZK
http://www.mh17magazine.nl/onderzoekmh17,JenV
http://www.mijnwlzaanvraag.ciz.nl,VWS
http://www.ncsc.nl,JenV
http://www.openbare-inspectieresultaten.nvwa.nl,LNV
http://www.rvig.nl,BZK
http://www.synbiosys.alterra.nl,LNV
http://www.toezichtdocumenten.igj.nl,VWS
http://www.topinkomens.nl,BZK
http://www.tuchtcollege-gezondheidszorg.nl,VWS
http://www.verrekeningneveninkomsten.nl,BZK
http://www.zelfinspectie.nl,SZW
http://youthatheart.nl,BUZA
http://zakelijk.duo.nl,OCW
http://zakelijk.kadaster.nl,BZK
http://zakendoeninchina.org,BUZA
http://zeeweringen.nl,IenW
http://zeteenstreepdoordiscriminatie.nl,BZK
http://zibs.nl,VWS
http://zijnjullieeraluit.nl,SZW
http://zoek.officielebekendmakingen.nl,BZK
http://zonmw-jeugdmagazines.nl,VWS
http://zonmw.nl,VWS
http://zorgaanbiedersopkaart.igj.nl,VWS
http://zorgbeeld.nza.nl,VWS
http://zorgcijfersdatabank.nl,VWS
http://zorgcijfers.nza.nl,VWS
http://zorgclustertool.nl,VWS
http://zorgcsp.nl,VWS
http://zorginstituutnederland.nl,VWS
http://zorginzicht.nl,VWS
http://zorgopdekaart.nl,VWS
http://zorgproducten.nza.nl,VWS
http://zorgvannu.nl,VWS
http://zorgvoorinnoveren.nl,VWS
http://zovar.nl,VWS
http://zuid-west380kv.nl,EZK
